{
  "Age": {
    "min": -2.072192177156677,
    "max": 2.526885578888087,
    "mean": -0.20866396380102928
  },
  "DailyRate": {
    "min": -1.7340965944792623,
    "max": 1.726730119280102,
    "mean": -0.0577630619496982
  },
  "DistanceFromHome": {
    "min": -1.010909342912418,
    "max": 2.4441291486822943,
    "mean": 0.0564534975507769
  },
  "Education": {
    "min": -1.86842575225436,
    "max": 2.038524256015781,
    "mean": 0.006840830756374424
  },
  "EnvironmentSatisfaction": {
    "min": -1.5756862740979405,
    "max": 1.1697805251007627,
    "mean": -0.10269986036877292
  },
  "HourlyRate": {
    "min": -1.7660787744745667,
    "max": 1.6783773645215088,
    "mean": -0.019160265330146944
  },
  "JobInvolvement": {
    "min": -2.432005601372186,
    "max": 1.7855109940078144,
    "mean": -0.09225217371916299
  },
  "JobLevel": {
    "min": -0.9614863916702532,
    "max": 2.6533089938931025,
    "mean": -0.17817278305672013
  },
  "JobSatisfaction": {
    "min": -1.5679065665042955,
    "max": 1.153253590238697,
    "mean": -0.08921053212392376
  },
  "MonthlyIncome": {
    "min": -1.1673431137498147,
    "max": 2.862102037721918,
    "mean": -0.1670060156451138
  },
  "MonthlyRate": {
    "min": -1.7172842236347006,
    "max": 1.7828877762896211,
    "mean": 0.06320740184371745
  },
  "NumCompaniesWorked": {
    "min": -1.0785044383346123,
    "max": 2.5255909693862573,
    "mean": 0.02295023785070647
  },
  "PercentSalaryHike": {
    "min": -1.1505541015749308,
    "max": 2.675949358414093,
    "mean": -0.029303570221788647
  },
  "PerformanceRating": {
    "min": -0.4262300150429028,
    "max": 2.346151056253851,
    "mean": -0.006775501419961356
  },
  "RelationshipSatisfaction": {
    "min": -1.584178240646517,
    "max": 1.1914379855160335,
    "mean": -0.0022696316621002004
  },
  "StockOptionLevel": {
    "min": -0.9320143892374164,
    "max": 2.5899937140505074,
    "mean": -0.17313981213410004
  },
  "TotalWorkingYears": {
    "min": -1.4501666878357553,
    "max": 3.692454459546333,
    "mean": -0.2120787644331644
  },
  "TrainingTimesLastYear": {
    "min": -2.171981830933257,
    "max": 2.4833959938131165,
    "mean": -0.08404484456322449
  },
  "WorkLifeBalance": {
    "min": -2.4938204216722384,
    "max": 1.754054456494842,
    "mean": -0.07607332740730545
  },
  "YearsAtCompany": {
    "min": -1.1442943653688686,
    "max": 4.897073381904744,
    "mean": -0.1770427381047887
  },
  "YearsInCurrentRole": {
    "min": -1.1676872598353414,
    "max": 3.5259760220184755,
    "mean": -0.18568733369577925
  },
  "YearsSinceLastPromotion": {
    "min": -0.6791456840737199,
    "max": 3.977310265498893,
    "mean": -0.07756384927933124
  },
  "YearsWithCurrManager": {
    "min": -1.1559347102263289,
    "max": 3.6100788863016295,
    "mean": -0.1735957277510639
  }
}